Unidade Hospitalar,Enfermaria,UTI
Hospital São Luis,40.0,0.0
Hospital Municipal Dr Severino Bezerra De Carvalho,28.0,4.0
Maternidade Frei Damiao - UNIDADE II,26.0,3.0
Prontovida,16.0,38.0
Complexo De Doencas Infecto Contagiosas Clementino Fraga,15.0,10.0
Maternidade Frei Damiao,15.0,0.0
Hospital de Trauma de Campina Grande,14.0,0.0
Instituto De Saude Elpidio De Almeida,13.0,5.0
Hospital Municipal Santa Isabel,13.0,45.0
Hospital Municipal Pedro I,12.0,25.0
Extensão CHDJC (Hosp Noaldo Leite),12.0,5.0
Maternidade Frei Damiao - UNIDADE I,12.0,3.0
Complexo Hospitalar de Mangabeira (Ortotrauma),11.0,8.0
Complexo Hospitalar Dep Janduhy Carneiro,9.0,7.0
Hospital Universitario Lauro Wanderley,8.0,12.0
Hospital Estadual de Emergência e Trauma Sen. Humberto Lucena,7.0,6.0
Hospital Geral de Mamanguape,6.0,2.0
Hospital Regional de Guarabira,6.0,0.0
NOVO Hospital de Clínicas do Estado da Paraíba,5.0,13.0
Hospital Infantil Noaldo Leite,5.0,1.0
Hospital Universitário HUJB,4.0,0.0
Hospital Wenceslau Lopes,3.0,-1.0
Hospital Regional De Cajazeiras,2.0,0.0
Hospital Metropolitano Dom Jose Maria Pires,2.0,12.0
Maternidade Frei Damiao - UTI NEO,0.0,7.0
Hospital São Vicente de Paulo,0.0,3.0
Hospital Municipal Valentina,0.0,1.0
Hospital Universitário Alcides Carneiro,0.0,0.0
Maternidade Frei Damiao - UCIN,0.0,5.0
Hospital Distrital Senador Ruy Carneiro,0.0,3.0
Hospital João XXIII,0.0,9.0
